preference,segment_id,segment_type,representative_segment,scheme,count,main_spacing_mm,stirrup_spec,dist_spec,cost_cny_per_m,max_crack_mm,spacing_objective_mm,joint_pareto_count,stirrup_pareto_count,joint_selected_rank,joint_selected_score,joint_selected_reason,joint_top3,stirrup_selected_rank,stirrup_required_asv_over_s,stirrup_selected_reason,stirrup_top3,governance_code_fingerprint,governance_config_sha256,governance_source_summary,governance_blocked_count,governance_approved_count
cost,A1,A,A3,HRB400 D20,5,220.0,HRB400 D10@220.0 (4 legs layout),HRB400 D16@176.0 (6 bars ratio),40.76,0.070,220.0,24,5,1,0.2662,"joint_score_min=0.2662; metric_rank(cost/crack/asv/dist/spacing)=3/24/1/21/1; delta_vs_runner_up(selected-#2): cost=1.16, crack=0.003, Asv/s=0.00000, dist_ratio=-0.0221, spacing=44.0",#1 score=0.2662 cost=40.76 crack=0.070 Asv/s=1.42800 s=220.0 | #2 score=0.2803 cost=39.60 crack=0.067 Asv/s=1.42800 s=176.0 | #3 score=0.2955 cost=37.60 crack=0.067 Asv/s=1.42800 s=147.0,1,1.40000,min_delta_to_required=0.02800; status=ok; max_ratio=0.178; max_limit_ratio=0.062,#1 HRB400 D10@220.0 (4 legs layout) Asv/s=1.42800 dReq=0.02800 | #2 HRB400 D8@140.0 (4 legs layout) Asv/s=1.43616 dReq=0.03616 | #3 HRB400 D18@350.0 (2 legs layout) Asv/s=1.45411 dReq=0.05411,e98a0246dfa6a1e6e8f622c5e9fd72426e302519133cbd73a1e166c8d2e1c79c,11adaef93f3666318ccc12960c21a66450734674b16b22de692e5764cd3eb9aa,all_project_default,0,0
cost,A2,A,A3,HRB400 D20,5,220.0,HRB400 D10@220.0 (4 legs layout),HRB400 D16@176.0 (6 bars ratio),40.76,0.070,220.0,24,5,1,0.2662,"joint_score_min=0.2662; metric_rank(cost/crack/asv/dist/spacing)=3/24/1/21/1; delta_vs_runner_up(selected-#2): cost=1.16, crack=0.003, Asv/s=0.00000, dist_ratio=-0.0221, spacing=44.0",#1 score=0.2662 cost=40.76 crack=0.070 Asv/s=1.42800 s=220.0 | #2 score=0.2803 cost=39.60 crack=0.067 Asv/s=1.42800 s=176.0 | #3 score=0.2955 cost=37.60 crack=0.067 Asv/s=1.42800 s=147.0,1,1.40000,min_delta_to_required=0.02800; status=ok; max_ratio=0.178; max_limit_ratio=0.062,#1 HRB400 D10@220.0 (4 legs layout) Asv/s=1.42800 dReq=0.02800 | #2 HRB400 D8@140.0 (4 legs layout) Asv/s=1.43616 dReq=0.03616 | #3 HRB400 D18@350.0 (2 legs layout) Asv/s=1.45411 dReq=0.05411,e98a0246dfa6a1e6e8f622c5e9fd72426e302519133cbd73a1e166c8d2e1c79c,11adaef93f3666318ccc12960c21a66450734674b16b22de692e5764cd3eb9aa,all_project_default,0,0
cost,A3,A,A3,HRB400 D20,5,220.0,HRB400 D10@220.0 (4 legs layout),HRB400 D16@176.0 (6 bars ratio),40.76,0.070,220.0,24,5,1,0.2662,"joint_score_min=0.2662; metric_rank(cost/crack/asv/dist/spacing)=3/24/1/21/1; delta_vs_runner_up(selected-#2): cost=1.16, crack=0.003, Asv/s=0.00000, dist_ratio=-0.0221, spacing=44.0",#1 score=0.2662 cost=40.76 crack=0.070 Asv/s=1.42800 s=220.0 | #2 score=0.2803 cost=39.60 crack=0.067 Asv/s=1.42800 s=176.0 | #3 score=0.2955 cost=37.60 crack=0.067 Asv/s=1.42800 s=147.0,1,1.40000,min_delta_to_required=0.02800; status=ok; max_ratio=0.178; max_limit_ratio=0.062,#1 HRB400 D10@220.0 (4 legs layout) Asv/s=1.42800 dReq=0.02800 | #2 HRB400 D8@140.0 (4 legs layout) Asv/s=1.43616 dReq=0.03616 | #3 HRB400 D18@350.0 (2 legs layout) Asv/s=1.45411 dReq=0.05411,e98a0246dfa6a1e6e8f622c5e9fd72426e302519133cbd73a1e166c8d2e1c79c,11adaef93f3666318ccc12960c21a66450734674b16b22de692e5764cd3eb9aa,all_project_default,0,0
cost,B1,B,B2,HRB400 D16,7,147.0,HRB400 D10@220.0 (4 legs layout),HRB400 D16@176.0 (6 bars ratio),37.60,0.000,147.0,3,5,1,0.2000,"joint_score_min=0.2000; metric_rank(cost/crack/asv/dist/spacing)=1/1/1/3/3; delta_vs_runner_up(selected-#2): cost=-2.00, crack=0.000, Asv/s=0.00000, dist_ratio=0.0670, spacing=-29.0",#1 score=0.2000 cost=37.60 crack=0.000 Asv/s=1.42800 s=147.0 | #2 score=0.4335 cost=39.60 crack=0.000 Asv/s=1.42800 s=176.0 | #3 score=0.5500 cost=40.76 crack=0.000 Asv/s=1.42800 s=220.0,1,1.40000,min_delta_to_required=0.02800; status=ok; max_ratio=0.252; max_limit_ratio=0.091,#1 HRB400 D10@220.0 (4 legs layout) Asv/s=1.42800 dReq=0.02800 | #2 HRB400 D8@140.0 (4 legs layout) Asv/s=1.43616 dReq=0.03616 | #3 HRB400 D18@350.0 (2 legs layout) Asv/s=1.45411 dReq=0.05411,e98a0246dfa6a1e6e8f622c5e9fd72426e302519133cbd73a1e166c8d2e1c79c,11adaef93f3666318ccc12960c21a66450734674b16b22de692e5764cd3eb9aa,all_project_default,0,0
cost,B2,B,B2,HRB400 D16,7,147.0,HRB400 D10@220.0 (4 legs layout),HRB400 D16@176.0 (6 bars ratio),37.60,0.000,147.0,3,5,1,0.2000,"joint_score_min=0.2000; metric_rank(cost/crack/asv/dist/spacing)=1/1/1/3/3; delta_vs_runner_up(selected-#2): cost=-2.00, crack=0.000, Asv/s=0.00000, dist_ratio=0.0670, spacing=-29.0",#1 score=0.2000 cost=37.60 crack=0.000 Asv/s=1.42800 s=147.0 | #2 score=0.4335 cost=39.60 crack=0.000 Asv/s=1.42800 s=176.0 | #3 score=0.5500 cost=40.76 crack=0.000 Asv/s=1.42800 s=220.0,1,1.40000,min_delta_to_required=0.02800; status=ok; max_ratio=0.252; max_limit_ratio=0.091,#1 HRB400 D10@220.0 (4 legs layout) Asv/s=1.42800 dReq=0.02800 | #2 HRB400 D8@140.0 (4 legs layout) Asv/s=1.43616 dReq=0.03616 | #3 HRB400 D18@350.0 (2 legs layout) Asv/s=1.45411 dReq=0.05411,e98a0246dfa6a1e6e8f622c5e9fd72426e302519133cbd73a1e166c8d2e1c79c,11adaef93f3666318ccc12960c21a66450734674b16b22de692e5764cd3eb9aa,all_project_default,0,0
cost,C1,C,C2,HRB400 D16,7,147.0,HRB400 D10@220.0 (4 legs layout),HRB400 D16@176.0 (6 bars ratio),37.60,0.000,147.0,3,5,1,0.2000,"joint_score_min=0.2000; metric_rank(cost/crack/asv/dist/spacing)=1/1/1/3/3; delta_vs_runner_up(selected-#2): cost=-2.00, crack=0.000, Asv/s=0.00000, dist_ratio=0.0670, spacing=-29.0",#1 score=0.2000 cost=37.60 crack=0.000 Asv/s=1.42800 s=147.0 | #2 score=0.4335 cost=39.60 crack=0.000 Asv/s=1.42800 s=176.0 | #3 score=0.5500 cost=40.76 crack=0.000 Asv/s=1.42800 s=220.0,1,1.40000,min_delta_to_required=0.02800; status=ok; max_ratio=0.048; max_limit_ratio=0.013,#1 HRB400 D10@220.0 (4 legs layout) Asv/s=1.42800 dReq=0.02800 | #2 HRB400 D8@140.0 (4 legs layout) Asv/s=1.43616 dReq=0.03616 | #3 HRB400 D18@350.0 (2 legs layout) Asv/s=1.45411 dReq=0.05411,e98a0246dfa6a1e6e8f622c5e9fd72426e302519133cbd73a1e166c8d2e1c79c,11adaef93f3666318ccc12960c21a66450734674b16b22de692e5764cd3eb9aa,all_project_default,0,0
cost,C2,C,C2,HRB400 D16,7,147.0,HRB400 D10@220.0 (4 legs layout),HRB400 D16@176.0 (6 bars ratio),37.60,0.000,147.0,3,5,1,0.2000,"joint_score_min=0.2000; metric_rank(cost/crack/asv/dist/spacing)=1/1/1/3/3; delta_vs_runner_up(selected-#2): cost=-2.00, crack=0.000, Asv/s=0.00000, dist_ratio=0.0670, spacing=-29.0",#1 score=0.2000 cost=37.60 crack=0.000 Asv/s=1.42800 s=147.0 | #2 score=0.4335 cost=39.60 crack=0.000 Asv/s=1.42800 s=176.0 | #3 score=0.5500 cost=40.76 crack=0.000 Asv/s=1.42800 s=220.0,1,1.40000,min_delta_to_required=0.02800; status=ok; max_ratio=0.048; max_limit_ratio=0.013,#1 HRB400 D10@220.0 (4 legs layout) Asv/s=1.42800 dReq=0.02800 | #2 HRB400 D8@140.0 (4 legs layout) Asv/s=1.43616 dReq=0.03616 | #3 HRB400 D18@350.0 (2 legs layout) Asv/s=1.45411 dReq=0.05411,e98a0246dfa6a1e6e8f622c5e9fd72426e302519133cbd73a1e166c8d2e1c79c,11adaef93f3666318ccc12960c21a66450734674b16b22de692e5764cd3eb9aa,all_project_default,0,0
safety,A1,A,A3,HRB400 D22,9,109.0,HRB400 D10@220.0 (4 legs layout),HRB400 D16@176.0 (6 bars ratio),88.51,0.034,109.0,24,5,1,0.2393,"joint_score_min=0.2393; metric_rank(cost/crack/asv/dist/spacing)=23/1/1/2/20; delta_vs_runner_up(selected-#2): cost=7.00, crack=-0.001, Asv/s=0.00000, dist_ratio=-0.0313, spacing=12.0",#1 score=0.2393 cost=88.51 crack=0.034 Asv/s=1.42800 s=109.0 | #2 score=0.2428 cost=81.51 crack=0.035 Asv/s=1.42800 s=97.0 | #3 score=0.2626 cost=88.93 crack=0.038 Asv/s=1.42800 s=145.0,1,1.40000,min_delta_to_required=0.02800; status=ok; max_ratio=0.178; max_limit_ratio=0.062,#1 HRB400 D10@220.0 (4 legs layout) Asv/s=1.42800 dReq=0.02800 | #2 HRB400 D8@140.0 (4 legs layout) Asv/s=1.43616 dReq=0.03616 | #3 HRB400 D18@350.0 (2 legs layout) Asv/s=1.45411 dReq=0.05411,e98a0246dfa6a1e6e8f622c5e9fd72426e302519133cbd73a1e166c8d2e1c79c,11adaef93f3666318ccc12960c21a66450734674b16b22de692e5764cd3eb9aa,all_project_default,0,0
safety,A2,A,A3,HRB400 D22,9,109.0,HRB400 D10@220.0 (4 legs layout),HRB400 D16@176.0 (6 bars ratio),88.51,0.034,109.0,24,5,1,0.2393,"joint_score_min=0.2393; metric_rank(cost/crack/asv/dist/spacing)=23/1/1/2/20; delta_vs_runner_up(selected-#2): cost=7.00, crack=-0.001, Asv/s=0.00000, dist_ratio=-0.0313, spacing=12.0",#1 score=0.2393 cost=88.51 crack=0.034 Asv/s=1.42800 s=109.0 | #2 score=0.2428 cost=81.51 crack=0.035 Asv/s=1.42800 s=97.0 | #3 score=0.2626 cost=88.93 crack=0.038 Asv/s=1.42800 s=145.0,1,1.40000,min_delta_to_required=0.02800; status=ok; max_ratio=0.178; max_limit_ratio=0.062,#1 HRB400 D10@220.0 (4 legs layout) Asv/s=1.42800 dReq=0.02800 | #2 HRB400 D8@140.0 (4 legs layout) Asv/s=1.43616 dReq=0.03616 | #3 HRB400 D18@350.0 (2 legs layout) Asv/s=1.45411 dReq=0.05411,e98a0246dfa6a1e6e8f622c5e9fd72426e302519133cbd73a1e166c8d2e1c79c,11adaef93f3666318ccc12960c21a66450734674b16b22de692e5764cd3eb9aa,all_project_default,0,0
safety,A3,A,A3,HRB400 D22,9,109.0,HRB400 D10@220.0 (4 legs layout),HRB400 D16@176.0 (6 bars ratio),88.51,0.034,109.0,24,5,1,0.2393,"joint_score_min=0.2393; metric_rank(cost/crack/asv/dist/spacing)=23/1/1/2/20; delta_vs_runner_up(selected-#2): cost=7.00, crack=-0.001, Asv/s=0.00000, dist_ratio=-0.0313, spacing=12.0",#1 score=0.2393 cost=88.51 crack=0.034 Asv/s=1.42800 s=109.0 | #2 score=0.2428 cost=81.51 crack=0.035 Asv/s=1.42800 s=97.0 | #3 score=0.2626 cost=88.93 crack=0.038 Asv/s=1.42800 s=145.0,1,1.40000,min_delta_to_required=0.02800; status=ok; max_ratio=0.178; max_limit_ratio=0.062,#1 HRB400 D10@220.0 (4 legs layout) Asv/s=1.42800 dReq=0.02800 | #2 HRB400 D8@140.0 (4 legs layout) Asv/s=1.43616 dReq=0.03616 | #3 HRB400 D18@350.0 (2 legs layout) Asv/s=1.45411 dReq=0.05411,e98a0246dfa6a1e6e8f622c5e9fd72426e302519133cbd73a1e166c8d2e1c79c,11adaef93f3666318ccc12960c21a66450734674b16b22de692e5764cd3eb9aa,all_project_default,0,0
safety,B1,B,B2,HRB400 D20,5,220.0,HRB400 D10@220.0 (4 legs layout),HRB400 D16@176.0 (6 bars ratio),40.76,0.000,220.0,3,5,1,0.1500,"joint_score_min=0.1500; metric_rank(cost/crack/asv/dist/spacing)=3/1/1/1/1; delta_vs_runner_up(selected-#2): cost=1.16, crack=0.000, Asv/s=0.00000, dist_ratio=-0.0221, spacing=44.0",#1 score=0.1500 cost=40.76 crack=0.000 Asv/s=1.42800 s=220.0 | #2 score=0.1801 cost=39.60 crack=0.000 Asv/s=1.42800 s=176.0 | #3 score=0.2000 cost=37.60 crack=0.000 Asv/s=1.42800 s=147.0,1,1.40000,min_delta_to_required=0.02800; status=ok; max_ratio=0.252; max_limit_ratio=0.091,#1 HRB400 D10@220.0 (4 legs layout) Asv/s=1.42800 dReq=0.02800 | #2 HRB400 D8@140.0 (4 legs layout) Asv/s=1.43616 dReq=0.03616 | #3 HRB400 D18@350.0 (2 legs layout) Asv/s=1.45411 dReq=0.05411,e98a0246dfa6a1e6e8f622c5e9fd72426e302519133cbd73a1e166c8d2e1c79c,11adaef93f3666318ccc12960c21a66450734674b16b22de692e5764cd3eb9aa,all_project_default,0,0
safety,B2,B,B2,HRB400 D20,5,220.0,HRB400 D10@220.0 (4 legs layout),HRB400 D16@176.0 (6 bars ratio),40.76,0.000,220.0,3,5,1,0.1500,"joint_score_min=0.1500; metric_rank(cost/crack/asv/dist/spacing)=3/1/1/1/1; delta_vs_runner_up(selected-#2): cost=1.16, crack=0.000, Asv/s=0.00000, dist_ratio=-0.0221, spacing=44.0",#1 score=0.1500 cost=40.76 crack=0.000 Asv/s=1.42800 s=220.0 | #2 score=0.1801 cost=39.60 crack=0.000 Asv/s=1.42800 s=176.0 | #3 score=0.2000 cost=37.60 crack=0.000 Asv/s=1.42800 s=147.0,1,1.40000,min_delta_to_required=0.02800; status=ok; max_ratio=0.252; max_limit_ratio=0.091,#1 HRB400 D10@220.0 (4 legs layout) Asv/s=1.42800 dReq=0.02800 | #2 HRB400 D8@140.0 (4 legs layout) Asv/s=1.43616 dReq=0.03616 | #3 HRB400 D18@350.0 (2 legs layout) Asv/s=1.45411 dReq=0.05411,e98a0246dfa6a1e6e8f622c5e9fd72426e302519133cbd73a1e166c8d2e1c79c,11adaef93f3666318ccc12960c21a66450734674b16b22de692e5764cd3eb9aa,all_project_default,0,0
safety,C1,C,C2,HRB400 D20,5,220.0,HRB400 D10@220.0 (4 legs layout),HRB400 D16@176.0 (6 bars ratio),40.76,0.000,220.0,3,5,1,0.1500,"joint_score_min=0.1500; metric_rank(cost/crack/asv/dist/spacing)=3/1/1/1/1; delta_vs_runner_up(selected-#2): cost=1.16, crack=0.000, Asv/s=0.00000, dist_ratio=-0.0221, spacing=44.0",#1 score=0.1500 cost=40.76 crack=0.000 Asv/s=1.42800 s=220.0 | #2 score=0.1801 cost=39.60 crack=0.000 Asv/s=1.42800 s=176.0 | #3 score=0.2000 cost=37.60 crack=0.000 Asv/s=1.42800 s=147.0,1,1.40000,min_delta_to_required=0.02800; status=ok; max_ratio=0.048; max_limit_ratio=0.013,#1 HRB400 D10@220.0 (4 legs layout) Asv/s=1.42800 dReq=0.02800 | #2 HRB400 D8@140.0 (4 legs layout) Asv/s=1.43616 dReq=0.03616 | #3 HRB400 D18@350.0 (2 legs layout) Asv/s=1.45411 dReq=0.05411,e98a0246dfa6a1e6e8f622c5e9fd72426e302519133cbd73a1e166c8d2e1c79c,11adaef93f3666318ccc12960c21a66450734674b16b22de692e5764cd3eb9aa,all_project_default,0,0
safety,C2,C,C2,HRB400 D20,5,220.0,HRB400 D10@220.0 (4 legs layout),HRB400 D16@176.0 (6 bars ratio),40.76,0.000,220.0,3,5,1,0.1500,"joint_score_min=0.1500; metric_rank(cost/crack/asv/dist/spacing)=3/1/1/1/1; delta_vs_runner_up(selected-#2): cost=1.16, crack=0.000, Asv/s=0.00000, dist_ratio=-0.0221, spacing=44.0",#1 score=0.1500 cost=40.76 crack=0.000 Asv/s=1.42800 s=220.0 | #2 score=0.1801 cost=39.60 crack=0.000 Asv/s=1.42800 s=176.0 | #3 score=0.2000 cost=37.60 crack=0.000 Asv/s=1.42800 s=147.0,1,1.40000,min_delta_to_required=0.02800; status=ok; max_ratio=0.048; max_limit_ratio=0.013,#1 HRB400 D10@220.0 (4 legs layout) Asv/s=1.42800 dReq=0.02800 | #2 HRB400 D8@140.0 (4 legs layout) Asv/s=1.43616 dReq=0.03616 | #3 HRB400 D18@350.0 (2 legs layout) Asv/s=1.45411 dReq=0.05411,e98a0246dfa6a1e6e8f622c5e9fd72426e302519133cbd73a1e166c8d2e1c79c,11adaef93f3666318ccc12960c21a66450734674b16b22de692e5764cd3eb9aa,all_project_default,0,0
construction,A1,A,A3,HRB400 D25,5,218.0,HRB400 D10@220.0 (4 legs layout),HRB400 D16@176.0 (6 bars ratio),63.52,0.053,218.0,24,5,1,0.1644,"joint_score_min=0.1644; metric_rank(cost/crack/asv/dist/spacing)=15/16/1/10/3; delta_vs_runner_up(selected-#2): cost=14.35, crack=-0.009, Asv/s=0.00000, dist_ratio=-0.1433, spacing=-1.0",#1 score=0.1644 cost=63.52 crack=0.053 Asv/s=1.42800 s=218.0 | #2 score=0.1720 cost=49.17 crack=0.062 Asv/s=1.42800 s=219.0 | #3 score=0.1916 cost=40.76 crack=0.070 Asv/s=1.42800 s=220.0,1,1.40000,min_delta_to_required=0.02800; status=ok; max_ratio=0.179; max_limit_ratio=0.062,#1 HRB400 D10@220.0 (4 legs layout) Asv/s=1.42800 dReq=0.02800 | #2 HRB400 D8@140.0 (4 legs layout) Asv/s=1.43616 dReq=0.03616 | #3 HRB400 D18@350.0 (2 legs layout) Asv/s=1.45411 dReq=0.05411,e98a0246dfa6a1e6e8f622c5e9fd72426e302519133cbd73a1e166c8d2e1c79c,11adaef93f3666318ccc12960c21a66450734674b16b22de692e5764cd3eb9aa,all_project_default,0,0
construction,A2,A,A3,HRB400 D25,5,218.0,HRB400 D10@220.0 (4 legs layout),HRB400 D16@176.0 (6 bars ratio),63.52,0.053,218.0,24,5,1,0.1644,"joint_score_min=0.1644; metric_rank(cost/crack/asv/dist/spacing)=15/16/1/10/3; delta_vs_runner_up(selected-#2): cost=14.35, crack=-0.009, Asv/s=0.00000, dist_ratio=-0.1433, spacing=-1.0",#1 score=0.1644 cost=63.52 crack=0.053 Asv/s=1.42800 s=218.0 | #2 score=0.1720 cost=49.17 crack=0.062 Asv/s=1.42800 s=219.0 | #3 score=0.1916 cost=40.76 crack=0.070 Asv/s=1.42800 s=220.0,1,1.40000,min_delta_to_required=0.02800; status=ok; max_ratio=0.179; max_limit_ratio=0.062,#1 HRB400 D10@220.0 (4 legs layout) Asv/s=1.42800 dReq=0.02800 | #2 HRB400 D8@140.0 (4 legs layout) Asv/s=1.43616 dReq=0.03616 | #3 HRB400 D18@350.0 (2 legs layout) Asv/s=1.45411 dReq=0.05411,e98a0246dfa6a1e6e8f622c5e9fd72426e302519133cbd73a1e166c8d2e1c79c,11adaef93f3666318ccc12960c21a66450734674b16b22de692e5764cd3eb9aa,all_project_default,0,0
construction,A3,A,A3,HRB400 D25,5,218.0,HRB400 D10@220.0 (4 legs layout),HRB400 D16@176.0 (6 bars ratio),63.52,0.053,218.0,24,5,1,0.1644,"joint_score_min=0.1644; metric_rank(cost/crack/asv/dist/spacing)=15/16/1/10/3; delta_vs_runner_up(selected-#2): cost=14.35, crack=-0.009, Asv/s=0.00000, dist_ratio=-0.1433, spacing=-1.0",#1 score=0.1644 cost=63.52 crack=0.053 Asv/s=1.42800 s=218.0 | #2 score=0.1720 cost=49.17 crack=0.062 Asv/s=1.42800 s=219.0 | #3 score=0.1916 cost=40.76 crack=0.070 Asv/s=1.42800 s=220.0,1,1.40000,min_delta_to_required=0.02800; status=ok; max_ratio=0.179; max_limit_ratio=0.062,#1 HRB400 D10@220.0 (4 legs layout) Asv/s=1.42800 dReq=0.02800 | #2 HRB400 D8@140.0 (4 legs layout) Asv/s=1.43616 dReq=0.03616 | #3 HRB400 D18@350.0 (2 legs layout) Asv/s=1.45411 dReq=0.05411,e98a0246dfa6a1e6e8f622c5e9fd72426e302519133cbd73a1e166c8d2e1c79c,11adaef93f3666318ccc12960c21a66450734674b16b22de692e5764cd3eb9aa,all_project_default,0,0
construction,B1,B,B2,HRB400 D20,5,220.0,HRB400 D10@220.0 (4 legs layout),HRB400 D16@176.0 (6 bars ratio),40.76,0.000,220.0,3,5,1,0.1500,"joint_score_min=0.1500; metric_rank(cost/crack/asv/dist/spacing)=3/1/1/1/1; delta_vs_runner_up(selected-#2): cost=1.16, crack=0.000, Asv/s=0.00000, dist_ratio=-0.0221, spacing=44.0",#1 score=0.1500 cost=40.76 crack=0.000 Asv/s=1.42800 s=220.0 | #2 score=0.4514 cost=39.60 crack=0.000 Asv/s=1.42800 s=176.0 | #3 score=0.6500 cost=37.60 crack=0.000 Asv/s=1.42800 s=147.0,1,1.40000,min_delta_to_required=0.02800; status=ok; max_ratio=0.252; max_limit_ratio=0.091,#1 HRB400 D10@220.0 (4 legs layout) Asv/s=1.42800 dReq=0.02800 | #2 HRB400 D8@140.0 (4 legs layout) Asv/s=1.43616 dReq=0.03616 | #3 HRB400 D18@350.0 (2 legs layout) Asv/s=1.45411 dReq=0.05411,e98a0246dfa6a1e6e8f622c5e9fd72426e302519133cbd73a1e166c8d2e1c79c,11adaef93f3666318ccc12960c21a66450734674b16b22de692e5764cd3eb9aa,all_project_default,0,0
construction,B2,B,B2,HRB400 D20,5,220.0,HRB400 D10@220.0 (4 legs layout),HRB400 D16@176.0 (6 bars ratio),40.76,0.000,220.0,3,5,1,0.1500,"joint_score_min=0.1500; metric_rank(cost/crack/asv/dist/spacing)=3/1/1/1/1; delta_vs_runner_up(selected-#2): cost=1.16, crack=0.000, Asv/s=0.00000, dist_ratio=-0.0221, spacing=44.0",#1 score=0.1500 cost=40.76 crack=0.000 Asv/s=1.42800 s=220.0 | #2 score=0.4514 cost=39.60 crack=0.000 Asv/s=1.42800 s=176.0 | #3 score=0.6500 cost=37.60 crack=0.000 Asv/s=1.42800 s=147.0,1,1.40000,min_delta_to_required=0.02800; status=ok; max_ratio=0.252; max_limit_ratio=0.091,#1 HRB400 D10@220.0 (4 legs layout) Asv/s=1.42800 dReq=0.02800 | #2 HRB400 D8@140.0 (4 legs layout) Asv/s=1.43616 dReq=0.03616 | #3 HRB400 D18@350.0 (2 legs layout) Asv/s=1.45411 dReq=0.05411,e98a0246dfa6a1e6e8f622c5e9fd72426e302519133cbd73a1e166c8d2e1c79c,11adaef93f3666318ccc12960c21a66450734674b16b22de692e5764cd3eb9aa,all_project_default,0,0
construction,C1,C,C2,HRB400 D20,5,220.0,HRB400 D10@220.0 (4 legs layout),HRB400 D16@176.0 (6 bars ratio),40.76,0.000,220.0,3,5,1,0.1500,"joint_score_min=0.1500; metric_rank(cost/crack/asv/dist/spacing)=3/1/1/1/1; delta_vs_runner_up(selected-#2): cost=1.16, crack=0.000, Asv/s=0.00000, dist_ratio=-0.0221, spacing=44.0",#1 score=0.1500 cost=40.76 crack=0.000 Asv/s=1.42800 s=220.0 | #2 score=0.4514 cost=39.60 crack=0.000 Asv/s=1.42800 s=176.0 | #3 score=0.6500 cost=37.60 crack=0.000 Asv/s=1.42800 s=147.0,1,1.40000,min_delta_to_required=0.02800; status=ok; max_ratio=0.048; max_limit_ratio=0.013,#1 HRB400 D10@220.0 (4 legs layout) Asv/s=1.42800 dReq=0.02800 | #2 HRB400 D8@140.0 (4 legs layout) Asv/s=1.43616 dReq=0.03616 | #3 HRB400 D18@350.0 (2 legs layout) Asv/s=1.45411 dReq=0.05411,e98a0246dfa6a1e6e8f622c5e9fd72426e302519133cbd73a1e166c8d2e1c79c,11adaef93f3666318ccc12960c21a66450734674b16b22de692e5764cd3eb9aa,all_project_default,0,0
construction,C2,C,C2,HRB400 D20,5,220.0,HRB400 D10@220.0 (4 legs layout),HRB400 D16@176.0 (6 bars ratio),40.76,0.000,220.0,3,5,1,0.1500,"joint_score_min=0.1500; metric_rank(cost/crack/asv/dist/spacing)=3/1/1/1/1; delta_vs_runner_up(selected-#2): cost=1.16, crack=0.000, Asv/s=0.00000, dist_ratio=-0.0221, spacing=44.0",#1 score=0.1500 cost=40.76 crack=0.000 Asv/s=1.42800 s=220.0 | #2 score=0.4514 cost=39.60 crack=0.000 Asv/s=1.42800 s=176.0 | #3 score=0.6500 cost=37.60 crack=0.000 Asv/s=1.42800 s=147.0,1,1.40000,min_delta_to_required=0.02800; status=ok; max_ratio=0.048; max_limit_ratio=0.013,#1 HRB400 D10@220.0 (4 legs layout) Asv/s=1.42800 dReq=0.02800 | #2 HRB400 D8@140.0 (4 legs layout) Asv/s=1.43616 dReq=0.03616 | #3 HRB400 D18@350.0 (2 legs layout) Asv/s=1.45411 dReq=0.05411,e98a0246dfa6a1e6e8f622c5e9fd72426e302519133cbd73a1e166c8d2e1c79c,11adaef93f3666318ccc12960c21a66450734674b16b22de692e5764cd3eb9aa,all_project_default,0,0
balanced,A1,A,A3,HRB400 D14,10,98.0,HRB400 D10@220.0 (4 legs layout),HRB400 D16@176.0 (6 bars ratio),41.99,0.056,98.0,24,5,1,0.3236,"joint_score_min=0.3236; metric_rank(cost/crack/asv/dist/spacing)=4/17/1/22/21; delta_vs_runner_up(selected-#2): cost=-6.36, crack=0.004, Asv/s=0.00000, dist_ratio=0.1173, spacing=-12.0",#1 score=0.3236 cost=41.99 crack=0.056 Asv/s=1.42800 s=98.0 | #2 score=0.3238 cost=48.35 crack=0.052 Asv/s=1.42800 s=110.0 | #3 score=0.3261 cost=53.72 crack=0.047 Asv/s=1.42800 s=98.0,1,1.40000,min_delta_to_required=0.02800; status=ok; max_ratio=0.177; max_limit_ratio=0.061,#1 HRB400 D10@220.0 (4 legs layout) Asv/s=1.42800 dReq=0.02800 | #2 HRB400 D8@140.0 (4 legs layout) Asv/s=1.43616 dReq=0.03616 | #3 HRB400 D18@350.0 (2 legs layout) Asv/s=1.45411 dReq=0.05411,e98a0246dfa6a1e6e8f622c5e9fd72426e302519133cbd73a1e166c8d2e1c79c,11adaef93f3666318ccc12960c21a66450734674b16b22de692e5764cd3eb9aa,all_project_default,0,0
balanced,A2,A,A3,HRB400 D14,10,98.0,HRB400 D10@220.0 (4 legs layout),HRB400 D16@176.0 (6 bars ratio),41.99,0.056,98.0,24,5,1,0.3236,"joint_score_min=0.3236; metric_rank(cost/crack/asv/dist/spacing)=4/17/1/22/21; delta_vs_runner_up(selected-#2): cost=-6.36, crack=0.004, Asv/s=0.00000, dist_ratio=0.1173, spacing=-12.0",#1 score=0.3236 cost=41.99 crack=0.056 Asv/s=1.42800 s=98.0 | #2 score=0.3238 cost=48.35 crack=0.052 Asv/s=1.42800 s=110.0 | #3 score=0.3261 cost=53.72 crack=0.047 Asv/s=1.42800 s=98.0,1,1.40000,min_delta_to_required=0.02800; status=ok; max_ratio=0.177; max_limit_ratio=0.061,#1 HRB400 D10@220.0 (4 legs layout) Asv/s=1.42800 dReq=0.02800 | #2 HRB400 D8@140.0 (4 legs layout) Asv/s=1.43616 dReq=0.03616 | #3 HRB400 D18@350.0 (2 legs layout) Asv/s=1.45411 dReq=0.05411,e98a0246dfa6a1e6e8f622c5e9fd72426e302519133cbd73a1e166c8d2e1c79c,11adaef93f3666318ccc12960c21a66450734674b16b22de692e5764cd3eb9aa,all_project_default,0,0
balanced,A3,A,A3,HRB400 D14,10,98.0,HRB400 D10@220.0 (4 legs layout),HRB400 D16@176.0 (6 bars ratio),41.99,0.056,98.0,24,5,1,0.3236,"joint_score_min=0.3236; metric_rank(cost/crack/asv/dist/spacing)=4/17/1/22/21; delta_vs_runner_up(selected-#2): cost=-6.36, crack=0.004, Asv/s=0.00000, dist_ratio=0.1173, spacing=-12.0",#1 score=0.3236 cost=41.99 crack=0.056 Asv/s=1.42800 s=98.0 | #2 score=0.3238 cost=48.35 crack=0.052 Asv/s=1.42800 s=110.0 | #3 score=0.3261 cost=53.72 crack=0.047 Asv/s=1.42800 s=98.0,1,1.40000,min_delta_to_required=0.02800; status=ok; max_ratio=0.177; max_limit_ratio=0.061,#1 HRB400 D10@220.0 (4 legs layout) Asv/s=1.42800 dReq=0.02800 | #2 HRB400 D8@140.0 (4 legs layout) Asv/s=1.43616 dReq=0.03616 | #3 HRB400 D18@350.0 (2 legs layout) Asv/s=1.45411 dReq=0.05411,e98a0246dfa6a1e6e8f622c5e9fd72426e302519133cbd73a1e166c8d2e1c79c,11adaef93f3666318ccc12960c21a66450734674b16b22de692e5764cd3eb9aa,all_project_default,0,0
balanced,B1,B,B2,HRB400 D16,7,147.0,HRB400 D10@220.0 (4 legs layout),HRB400 D16@176.0 (6 bars ratio),37.60,0.000,147.0,3,5,1,0.1500,"joint_score_min=0.1500; metric_rank(cost/crack/asv/dist/spacing)=1/1/1/3/3; delta_vs_runner_up(selected-#2): cost=-2.00, crack=0.000, Asv/s=0.00000, dist_ratio=0.0670, spacing=-29.0",#1 score=0.1500 cost=37.60 crack=0.000 Asv/s=1.42800 s=147.0 | #2 score=0.3400 cost=39.60 crack=0.000 Asv/s=1.42800 s=176.0 | #3 score=0.4500 cost=40.76 crack=0.000 Asv/s=1.42800 s=220.0,1,1.40000,min_delta_to_required=0.02800; status=ok; max_ratio=0.252; max_limit_ratio=0.091,#1 HRB400 D10@220.0 (4 legs layout) Asv/s=1.42800 dReq=0.02800 | #2 HRB400 D8@140.0 (4 legs layout) Asv/s=1.43616 dReq=0.03616 | #3 HRB400 D18@350.0 (2 legs layout) Asv/s=1.45411 dReq=0.05411,e98a0246dfa6a1e6e8f622c5e9fd72426e302519133cbd73a1e166c8d2e1c79c,11adaef93f3666318ccc12960c21a66450734674b16b22de692e5764cd3eb9aa,all_project_default,0,0
balanced,B2,B,B2,HRB400 D16,7,147.0,HRB400 D10@220.0 (4 legs layout),HRB400 D16@176.0 (6 bars ratio),37.60,0.000,147.0,3,5,1,0.1500,"joint_score_min=0.1500; metric_rank(cost/crack/asv/dist/spacing)=1/1/1/3/3; delta_vs_runner_up(selected-#2): cost=-2.00, crack=0.000, Asv/s=0.00000, dist_ratio=0.0670, spacing=-29.0",#1 score=0.1500 cost=37.60 crack=0.000 Asv/s=1.42800 s=147.0 | #2 score=0.3400 cost=39.60 crack=0.000 Asv/s=1.42800 s=176.0 | #3 score=0.4500 cost=40.76 crack=0.000 Asv/s=1.42800 s=220.0,1,1.40000,min_delta_to_required=0.02800; status=ok; max_ratio=0.252; max_limit_ratio=0.091,#1 HRB400 D10@220.0 (4 legs layout) Asv/s=1.42800 dReq=0.02800 | #2 HRB400 D8@140.0 (4 legs layout) Asv/s=1.43616 dReq=0.03616 | #3 HRB400 D18@350.0 (2 legs layout) Asv/s=1.45411 dReq=0.05411,e98a0246dfa6a1e6e8f622c5e9fd72426e302519133cbd73a1e166c8d2e1c79c,11adaef93f3666318ccc12960c21a66450734674b16b22de692e5764cd3eb9aa,all_project_default,0,0
balanced,C1,C,C2,HRB400 D16,7,147.0,HRB400 D10@220.0 (4 legs layout),HRB400 D16@176.0 (6 bars ratio),37.60,0.000,147.0,3,5,1,0.1500,"joint_score_min=0.1500; metric_rank(cost/crack/asv/dist/spacing)=1/1/1/3/3; delta_vs_runner_up(selected-#2): cost=-2.00, crack=0.000, Asv/s=0.00000, dist_ratio=0.0670, spacing=-29.0",#1 score=0.1500 cost=37.60 crack=0.000 Asv/s=1.42800 s=147.0 | #2 score=0.3400 cost=39.60 crack=0.000 Asv/s=1.42800 s=176.0 | #3 score=0.4500 cost=40.76 crack=0.000 Asv/s=1.42800 s=220.0,1,1.40000,min_delta_to_required=0.02800; status=ok; max_ratio=0.048; max_limit_ratio=0.013,#1 HRB400 D10@220.0 (4 legs layout) Asv/s=1.42800 dReq=0.02800 | #2 HRB400 D8@140.0 (4 legs layout) Asv/s=1.43616 dReq=0.03616 | #3 HRB400 D18@350.0 (2 legs layout) Asv/s=1.45411 dReq=0.05411,e98a0246dfa6a1e6e8f622c5e9fd72426e302519133cbd73a1e166c8d2e1c79c,11adaef93f3666318ccc12960c21a66450734674b16b22de692e5764cd3eb9aa,all_project_default,0,0
balanced,C2,C,C2,HRB400 D16,7,147.0,HRB400 D10@220.0 (4 legs layout),HRB400 D16@176.0 (6 bars ratio),37.60,0.000,147.0,3,5,1,0.1500,"joint_score_min=0.1500; metric_rank(cost/crack/asv/dist/spacing)=1/1/1/3/3; delta_vs_runner_up(selected-#2): cost=-2.00, crack=0.000, Asv/s=0.00000, dist_ratio=0.0670, spacing=-29.0",#1 score=0.1500 cost=37.60 crack=0.000 Asv/s=1.42800 s=147.0 | #2 score=0.3400 cost=39.60 crack=0.000 Asv/s=1.42800 s=176.0 | #3 score=0.4500 cost=40.76 crack=0.000 Asv/s=1.42800 s=220.0,1,1.40000,min_delta_to_required=0.02800; status=ok; max_ratio=0.048; max_limit_ratio=0.013,#1 HRB400 D10@220.0 (4 legs layout) Asv/s=1.42800 dReq=0.02800 | #2 HRB400 D8@140.0 (4 legs layout) Asv/s=1.43616 dReq=0.03616 | #3 HRB400 D18@350.0 (2 legs layout) Asv/s=1.45411 dReq=0.05411,e98a0246dfa6a1e6e8f622c5e9fd72426e302519133cbd73a1e166c8d2e1c79c,11adaef93f3666318ccc12960c21a66450734674b16b22de692e5764cd3eb9aa,all_project_default,0,0
